Workbook

Sheet READ ME
A1: 7-DAY ENQUIRY RECOVERY SPRINT - ENQUIRY TRACKER
A2: SAMPLE FILE - every enquiry below is fictional, created for demonstration only. No real customer data is used anywhere in this file.
A4: HOW TO USE
A5: 1. Open the 'Tracker' tab. It is filled with fictional examples (ENQ-001 to ENQ-010).
A6: 2. For real use: delete rows 3 to 12, then paste YOUR enquiries into the same columns.
A7: Dropdowns, colours and formulas already cover rows 3 to 500.
A8: 3. Update only four things per enquiry: Enquiry Status, Last Contact Date,
A9: Next Action and Follow-Up Status. Outcome is filled when something final happens.
A10: 4. Columns N, O and P calculate by themselves. Do not type in them.
A11: 5. Colours are automatic: red = overdue or urgent, amber = due today/soon,
A12: blue = new enquiry, green = booked, grey = closed or dormant.
A14: THE 30-SECOND DAILY RULE
... A22: PRIVACY: use initials or first names only. Never store phone numbers or email addresses here.

Sheet Lists
A1: Requested Service | C1: Enquiry Source | E1: Enquiry Status | G1: Next Action | I1: Follow-Up Status | K1: Outcome
A2: Full wedding photography (1 day) | C2: Instagram DM | E2: New enquiry | G2: Reply with welcome message + 3 questions | I2: Not started | K2: Open
A3: Full wedding photography (2+ days) | C3: Instagram comment / story reply | E3: Awaiting reply | G3: Share availability for their dates | I3: Due today | K3: Booked
A4: Wedding + reception | C4: Website form | E4: Quote sent | G4: Send price list / packages | I4: Due | K4: Closed - chose another vendor
A5: Candid + cinematic video | C5: WhatsApp (direct) | E5: Call requested | G5: Send personalised quote | I5: Overdue | K5: Closed - date unavailable
A6: Pre-wedding shoot | C6: Referral (past client) | E6: Call scheduled | G6: Send portfolio of similar wedding | I6: Waiting on client | K6: Closed - budget
A7: Engagement only | C7: Referral (vendor) | E7: Clarification needed | G7: Confirm call slot | I7: Completed | K7: Closed - no response
A8: Reception only | C8: Wedding portal | E8: Deciding / comparing | G8: Clarify package inclusions | I8: No follow-up needed | K8: Postponed by couple
A9: Destination wedding | C9: Google / search | E9: Booked | G9: Gentle nudge (no price talk) | K9: Not proceeding (other)
A10: Other (see notes) | C10: Other | E10: Dormant - no reply | G10: Send final follow-up
E11: Closed - not proceeding | G11: Send booking confirmation + next steps
G12: Send thank-you / stay in touch
G13: No action needed
G14: Manual review - decide yourself

Sheet Tracker
A1: FICTIONAL SAMPLE DATA - illustrative only. Replace with your own enquiries. Rule: initials or first names only - never phone numbers or email addresses.
A2: Enquiry ID | B2: Received Date | C2: Client (initials) | D2: Requested Service | E2: Event Date | F2: Enquiry Source | G2: Enquiry Status | H2: Last Contact Date | I2: Next Action | J2: Follow-Up Due Date | K2: Follow-Up Status | L2: Outcome | M2: Notes (what was discussed, what they asked) | N2: Days Since Last Contact (auto) | O2: Priority (auto) | P2: Overdue? (auto)
A3: ENQ-001 | B3: 46267 | C3: A. & S. | D3: Full wedding photography (2+ days) | E3: 46364 | F3: Instagram DM | G3: Quote sent | H3: 46270 | I3: Gentle nudge (no price talk) | J3: 46306 | K3: Overdue | L3: Open | M3: Loved the teaser reel. Asked about 2-day coverage. Price list sent; no reply since. | N3: =IF(H3="","",TODAY()-H3) | O3: =IF(OR(K3="Overdue",K3="Due today"),"P1 - today",IF(OR(G3="Booked",LEFT(G3,6)="Closed"),"-",IF(LEFT(G3,7)="Dormant","P3 - when free",IF(AND(N3<>"",N3>=7),"P2 - this week","P3 - when free")))) | P3: =IF(OR(K3="Overdue",AND(J3<>"",J3<TODAY(),NOT(LEFT(G3,6)="Closed"),G3<>"Booked")),"OVERDUE","")
A4: ENQ-002 | B4: 46271 | C4: R. | D4: Pre-wedding shoot | E4: 46409 | F4: Website form | G4: Clarification needed | H4: 46283 | I4: Clarify package inclusions | J4: 46307 | K4: Due today | L4: Open | M4: Asked whether travel + stay is included for an outstation shoot. Needs a clear yes/no. | N4: =IF(H4="","",TODAY()-H4) | O4: =IF(OR(K4="Overdue",K4="Due today"),"P1 - today",IF(OR(G4="Booked",LEFT(G4,6)="Closed"),"-",IF(LEFT(G4,7)="Dormant","P3 - when free",IF(AND(N4<>"",N4>=7),"P2 - this week","P3 - when free")))) | P4: =IF(OR(K4="Overdue",AND(J4<>"",J4<TODAY(),NOT(LEFT(G4,6)="Closed"),G4<>"Booked")),"OVERDUE","")
A5: ENQ-003 | B5: 46274 | C5: M. & K. | D5: Candid + cinematic video | E5: 46354 | F5: WhatsApp (direct) | G5: Call requested | H5: 46303 | I5: Confirm call slot | J5: 46305 | K5: Overdue | L5: Open | M5: Wants a call before deciding. Prefers after 7pm on weekdays. | N5: =IF(H5="","",TODAY()-H5) | O5: =IF(OR(K5="Overdue",K5="Due today"),"P1 - today",IF(OR(G5="Booked",LEFT(G5,6)="Closed"),"-",IF(LEFT(G5,7)="Dormant","P3 - when free",IF(AND(N5<>"",N5>=7),"P2 - this week","P3 - when free")))) | P5: =IF(OR(K5="Overdue",AND(J5<>"",J5<TODAY(),NOT(LEFT(G5,6)="Closed"),G5<>"Booked")),"OVERDUE","")
A6: ENQ-004 | B6: 46279 | C6: T. | D6: Reception only | E6: 46375 | F6: Instagram DM | G6: Deciding / comparing | H6: 46285 | I6: Send portfolio of similar wedding | J6: 46310 | K6: Due | L6: Open | M6: "Still deciding between two photographers." Budget seems fine. Comparing album quality. | N6: =IF(H6="","",TODAY()-H6) | O6: =IF(OR(K6="Overdue",K6="Due today"),"P1 - today",IF(OR(G6="Booked",LEFT(G6,6)="Closed"),"-",IF(LEFT(G6,7)="Dormant","P3 - when free",IF(AND(N6<>"",N6>=7),"P2 - this week","P3 - when free")))) | P6: =IF(OR(K6="Overdue",AND(J6<>"",J6<TODAY(),NOT(LEFT(G6,6)="Closed"),G6<>"Booked")),"OVERDUE","")
A7: ENQ-005 | B7: 46286 | C7: P. & N. | D7: Full wedding photography (2+ days) | E7: 46422 | F7: Referral (past client) | G7: Awaiting reply | H7: 46295 | I7: Send final follow-up | J7: 46309 | K7: Due | L7: Open | M7: Referred by a 2025 client. First reply was warm, then went quiet for 12 days. | N7: =IF(H7="","",TODAY()-H7) | O7: =IF(OR(K7="Overdue",K7="Due today"),"P1 - today",IF(OR(G7="Booked",LEFT(G7,6)="Closed"),"-",IF(LEFT(G7,7)="Dormant","P3 - when free",IF(AND(N7<>"",N7>=7),"P2 - this week","P3 - when free")))) | P7: =IF(OR(K7="Overdue",AND(J7<>"",J7<TODAY(),NOT(LEFT(G7,6)="Closed"),G7<>"Booked")),"OVERDUE","")
A8: ENQ-006 | B8: 46245 | C8: D. | D8: Engagement only | E8: 46320 | F8: Wedding portal | G8: Dormant - no reply | H8: 46258 | I8: Send final follow-up | J8: 46305 | K8: Overdue | L8: Open | M8: No reply to 2 messages. Send ONE final polite message, then close the enquiry. | N8: =IF(H8="","",TODAY()-H8) | O8: =IF(OR(K8="Overdue",K8="Due today"),"P1 - today",IF(OR(G8="Booked",LEFT(G8,6)="Closed"),"-",IF(LEFT(G8,7)="Dormant","P3 - when free",IF(AND(N8<>"",N8>=7),"P2 - this week","P3 - when free")))) | P8: =IF(OR(K8="Overdue",AND(J8<>"",J8<TODAY(),NOT(LEFT(G8,6)="Closed"),G8<>"Booked")),"OVERDUE","")
A9: ENQ-007 | B9: 46264 | C9: V. & A. | D9: Wedding + reception | E9: 46341 | F9: Instagram DM | G9: Booked | H9: 46266 | I9: Send booking confirmation + next steps | J9: 46267 | K9: Completed | L9: Booked | M9: Advance received and date blocked. Style reference folder shared. | N9: =IF(H9="","",TODAY()-H9) | O9: =IF(OR(K9="Overdue",K9="Due today"),"P1 - today",IF(OR(G9="Booked",LEFT(G9,6)="Closed"),"-",IF(LEFT(G9,7)="Dormant","P3 - when free",IF(AND(N9<>"",N9>=7),"P2 - this week","P3 - when free")))) | P9: =IF(OR(K9="Overdue",AND(J9<>"",J9<TODAY(),NOT(LEFT(G9,6)="Closed"),G9<>"Booked")),"OVERDUE","")
A10: ENQ-008 | B10: 46222 | C10: S. | D10: Wedding + reception | E10: 46299 | F10: Website form | G10: Closed - not proceeding | H10: 46228 | I10: Send thank-you / stay in touch | J10: 46229 | K10: Completed | L10: Closed - chose another vendor | M10: Booked a family friend. Explicitly said to stay in touch for 2027 - keep the door open. | N10: =IF(H10="","",TODAY()-H10) | O10: =IF(OR(K10="Overdue",K10="Due today"),"P1 - today",IF(OR(G10="Booked",LEFT(G10,6)="Closed"),"-",IF(LEFT(G10,7)="Dormant","P3 - when free",IF(AND(N10<>"",N10>=7),"P2 - this week","P3 - when free")))) | P10: =IF(OR(K10="Overdue",AND(J10<>"",J10<TODAY(),NOT(LEFT(G10,6)="Closed"),G10<>"Booked")),"OVERDUE","")
A11: ENQ-009 | B11: 46301 | C11: H. & J. | D11: Destination wedding | E11: 46458 | F11: Instagram comment / story reply | G11: New enquiry | H11: 46301 | I11: Reply with welcome message + 3 questions | J11: 46306 | K11: Overdue | L11: Open | M11: Commented on a Goa wedding reel, then DMed. Needs a first reply - highest priority. | N11: =IF(H11="","",TODAY()-H11) | O11: =IF(OR(K11="Overdue",K11="Due today"),"P1 - today",IF(OR(G11="Booked",LEFT(G11,6)="Closed"),"-",IF(LEFT(G11,7)="Dormant","P3 - when free",IF(AND(N11<>"",N11>=7),"P2 - this week","P3 - when free")))) | P11: =IF(OR(K11="Overdue",AND(J11<>"",J11<TODAY(),NOT(LEFT(G11,6)="Closed"),G11<>"Booked")),"OVERDUE","")
A12: ENQ-010 | B12: 46290 | C12: N. & B. | D12: Full wedding photography (1 day) | E12: 46383 | F12: Google / search | G12: Call scheduled | H12: 46302 | I12: Send price list / packages | J12: 46313 | K12: Due | L12: Open | M12: Call booked for next week. Asked for the price list before the call. | N12: =IF(H12="","",TODAY()-H12) | O12: =IF(OR(K12="Overdue",K12="Due today"),"P1 - today",IF(OR(G12="Booked",LEFT(G12,6)="Closed"),"-",IF(LEFT(G12,7)="Dormant","P3 - when free",IF(AND(N12<>"",N12>=7),"P2 - this week","P3 - when free")))) | P12: =IF(OR(K12="Overdue",AND(J12<>"",J12<TODAY(),NOT(LEFT(G12,6)="Closed"),G12<>"Booked")),"OVERDUE","")

Sheet Status Guide
A1: STATUS, NEXT ACTION AND FOLLOW-UP GUIDE
A3: Enquiry Status | B3: What it means | C3: Default next action | D3: Follow-up timing | E3: Auto priority
A4: New enquiry | B4: Arrived and has had no reply from you yet | C4: Reply with welcome message + 3 questions | D4: Within 24 hours, ideally same day | E4: P1 - today
A5: Awaiting reply | B5: You replied; they have not come back | C5: Gentle nudge (no price talk) | D5: 3-4 days after your reply | E5: P2 - this week
A6: Quote sent | B6: Price list or personalised quote is with them | C6: Gentle nudge (no price talk) | D6: 3 days, then 7 days | E6: P2 - this week
A7: Call requested | B7: They asked to talk; no confirmed slot yet | C7: Confirm call slot | D7: Same day | E7: P1 - today
A8: Call scheduled | B8: A date and time is fixed | C8: Send price list / packages | D8: Before the call | E8: P2 - this week
A9: Clarification needed | B9: A specific question is unanswered (album, travel, hours) | C9: Clarify package inclusions | D9: Within 24-48 hours | E9: P1 - today
A10: Deciding / comparing | B10: Comparing you with other photographers; no decision yet | C10: Send portfolio of similar wedding | D10: 3 days, then 7 days | E10: P2 - this week
A11: Booked | B11: Advance received / date blocked | C11: Send booking confirmation + next steps | D11: No selling follow-up needed | E11: -
A12: Dormant - no reply | B12: Silent after your final message | C12: Send final follow-up | D12: ONE final message, then STOP and close | E12: P3 - when free
A13: Closed - not proceeding | B13: Final no, or they booked elsewhere | C13: Send thank-you / stay in touch | D13: None. Do not chase. | E13: -
A16: THE STOP RULES (never break these)
A17: 1. If someone says they are not interested, or asks you to stop messaging: stop. Mark it Closed and never message them again.
A18: 2. Maximum 3 follow-ups per enquiry after your first reply. Then close it.
A19: 3. Never send two messages to the same person in one day.
A20: 4. Never send price-related follow-ups more than twice. If they wanted the price, they already have it.
A21: 5. Zero pressure. If an enquiry needs pressure to survive, it was never a booking.

Sheet Dashboard
A1: DASHBOARD - live counts from the Tracker tab
A2: These numbers change automatically when you change the dropdowns on the Tracker tab.
A4: Enquiries by status | D4: At-a-glance numbers
A5: New enquiry | B5: =COUNTIF(Tracker!$G$3:$G$500,A5) | D5: Total enquiries tracked | E5: =COUNTA(Tracker!$A$3:$A$500)
A6: Awaiting reply | B6: =COUNTIF(Tracker!$G$3:$G$500,A6) | D6: Open enquiries (need attention) | E6: =COUNTIF(Tracker!$L$3:$L$500,"Open")
A7: Quote sent | B7: =COUNTIF(Tracker!$G$3:$G$500,A7) | D7: OVERDUE follow-ups | E7: =COUNTIF(Tracker!$P$3:$P$500,"OVERDUE")
A8: Call requested | B8: =COUNTIF(Tracker!$G$3:$G$500,A8) | D8: Due today | E8: =COUNTIF(Tracker!$K$3:$K$500,"Due today")
A9: Call scheduled | B9: =COUNTIF(Tracker!$G$3:$G$500,A9) | D9: P1 - do today | E9: =COUNTIF(Tracker!$O$3:$O$500,"P1 - today")
A10: Clarification needed | B10: =COUNTIF(Tracker!$G$3:$G$500,A10) | D10: New enquiries not yet answered | E10: =COUNTIF(Tracker!$G$3:$G$500,"New enquiry")
A11: Deciding / comparing | B11: =COUNTIF(Tracker!$G$3:$G$500,A11) | D11: Booked | E11: =COUNTIF(Tracker!$L$3:$L$500,"Booked")
A12: Booked | B12: =COUNTIF(Tracker!$G$3:$G$500,A12) | D12: Closed - no response | E12: =COUNTIF(Tracker!$L$3:$L$500,"Closed - no response")
A13: Dormant - no reply | B13: =COUNTIF(Tracker!$G$3:$G$500,A13) | D13: Weddings in the next 30 days | E13: =SUMPRODUCT((Tracker!$E$3:$E$500>=TODAY())*(Tracker!$E$3:$E$500<=TODAY()+30))
A14: Closed - not proceeding | B14: =COUNTIF(Tracker!$G$3:$G$500,A14)
A17: How to read this: if 'OVERDUE follow-ups' and 'P1 - do today' are both zero, your list is under control. If they keep growing, the 7-day workflow is not being run - open 7-Day-Follow-Up-Workflow and do the Wednesday and Friday blocks.

Sheet Google Sheets
A1: HOW TO USE THIS IN GOOGLE SHEETS (your clients probably will)
A3: Option 1 - import the CSV (fastest, recommended):
A4: 1. Google Sheets > File > Import > Upload > choose 'enquiry-tracker-import.csv'
A5: 2. Import location: 'Replace spreadsheet'. Separator: comma. Click Import data.
A6: 3. Select column G > Data > Data validation > Add rule > Dropdown > paste the status list
A7: (the full lists are on the 'Lists' tab of the Excel file, or in the setup guide).
A8: 4. Repeat step 3 for columns D, F, I, K, L.
A9: 5. Select columns N, O, P > paste the three formulas from row 3 and press Ctrl+D to fill down.
A10: 6. Select row 2 > View > Freeze > 1 row. Then Data > Create a filter.
A11: 7. Format > Conditional formatting > 'Text contains' > OVERDUE > red.
A13: Option 2 - upload the Excel file:
A14: 1. Google Drive > New > File upload > AWER-Enquiry-Tracker-SAMPLE.xlsx
... A20: Do not share as 'anyone with the link'.
